Sword_of_the_Dragons, Sword of the Dragons, original_art paintings character_design poster_prints postcard_prints, Sep. 2020, FALSE
One_Last_Believer, One Last Believer, fanart paintings MXTX, Oct. 2020, FALSE
by_morning_light, By Morning Light, original_art paintings character_design poster_prints postcard_prints, Feb 2020, FALSE
child_of_the_wood, Child of the Wood, original_art paintings character_design postcard_prints poster_prints, May 2020, FALSE
Beast_Hunter, Beast Hunter, original_art fanart renders paintings, Sep 2020, FALSE
heart_amongst_the_stars, a heart amongst the stars, original_art paintings character_design, Feb 2020, FALSE
fates_intertwined, Fates Intertwined, fanart paintings poster_prints postcard_prints Fire_Emblem, June 2020, FALSE
Goddess_of_Love, Goddess of Love: Kama, fanart Fate_Grand_Order renders paintings poster_prints, June 2021, TRUE
fotia, [FOTIA], fanart paintings poster_prints postcard_prints Promare, May 2020, FALSE
Dragon_of_the_East_Wind, Dragon of the East Wind, original_art renders paintings commissions, June 2021, FALSE
through_the_generations, Through the Generations, fanart Kingdom_Hearts paintings poster_prints postcard_prints, Oct 2019, TRUE
Shinobu_kocho, Shinobu Kocho, fanart paintings poster_prints postcard_prints, Dec 2019, FALSE
Mastermind, Mastermind, fanart Bungou_Stray_Dogs renders paintings, Nov 2021, FALSE
nightshade_sentinel, The Nightshade Sentinel, original_art character_design paintings postcard_prints, Jun 2019, TRUE
lappy, Lappland, fanart Arknights paintings poster_prints, Sep 2021, TRUE
Sardonis, Paladin Sardonis, original_art renders paintings commissions, June 2021, TRUE
Phoenix_of_Dusk, Phoenix of Dusk: Diluc, fanart Genshin_Impact renders paintings zines poster_prints, Nov 2021, TRUE
drunken_dream, Drunken Dream of the Past, fanart MXTX poster_prints paintings lined postcard_prints, June 2019, FALSE
blue, Blue Roses, original_art lined paintings, Aug. 2020, TRUE
Damian_and_Axel, Damian and Axel, original_art lined Dragalia_Lost commissions, Sep 2021, FALSE
Gala_Sarisse_Remix, Gala Sarisse Remix, fanart character_design Dragalia_Lost commission lined, Dec 2020, FALSE
DL_lenn, Guardian Blade: Lenn, original_art character_design Dragalia_Lost lined charms stickers, Feb 2020, FALSE
Water_Guardian_Suresha, Water Guardian: Suresha, original_art lined Dragalia_Lost commissions, Sep 2021, TRUE
Castle_Guard_Norwyn, Castle Guard: Norwyn, original_art commissions lined Dragalia_Lost, Sep 2021, TRUE
Dragalia_Black_Widow, Spider in the Night: Black Widow, fanart commissions Dragalia_Lost lined, Sep 2020, TRUE
rose_pride, Pride Icon: Rose, original_art commissions lined, Jun 2020, TRUE
flare_pride, Pride Icon: Flare, original_art commissions lined, Jun 2020, TRUE
lenn_pride, Pride Icon: Lenn, original_art character_design lined, Jun 2020, FALSE
imara_pride, Pride Icon: Imara, original_art commissions lined, Jun 2020, TRUE
Icicle, Icicle, original_art renders paintings , July 2021, TRUE
Axel_Xiulan_Wang, Axel 'Xiulan' Wang, original_art paintings character_design Fate_Grand_Order, Dec. 2019, TRUE
Magicians_of_Saint_Glory, Magicians of Saint Glory, original_art renders paintings , Aug 2021, TRUE
BH_final, Beast Hunter Book Cover, original_art fanart paintings book_cover_design, Nov 2019, TRUE
Celestial_Sylias, Artfight: Celestial Sylias, original_art renders paintings , July 2021, TRUE
door_to_light, Door to Light, original_art traditional_art paintings postcard_prints poster_prints, Dec 2017, TRUE
verdant_tempest, Verdant Tempest, fanart Pokemon paintings poster_prints postcard_prints, May 2019, TRUE
hua_mulan, Hua Mulan, fanart paintings character_design poster_prints postcard_prints, Oct 2019, TRUE
stardust, Stardust, original_art paintings poster_prints postcard_prints, Apr 2020, TRUE
Moonlit_walk, Moonlit Walk, fanart Pokemon commissions original_art paintings , Nov 2019, TRUE
breaking_sky, Breaking Sky, original_art paintings character_design renders postcard_prints Pokemon, Oct 2019, TRUE
Ryuko, Ryuko Matoi, fanart paintings, Sep. 2020, TRUE
val_render, Val Render, commissions renders, May 2020, TRUE
Ulric_and_talon_render, Ulric and Talon, commissions renders, Mar. 2020, TRUE
lenn_render, Lenn Renders, original_art character_design Pokemon renders, Aug 2019, TRUE
Heishi, Sand Adept: Heishi, original_art sketches commissions, Aug. 2021, TRUE
Yuri, Yuri Leclerc, fanart sketches character_design Fire_Emblem, Feb 2020, TRUE
wangxian_bunnies, Wangxian Bunnies, fanart sketches MXTX stickers charms, Jan 2020, TRUE
Evening_Party, A Mondstadt Party, fanart sketches Genshin_Impact postcard_prints, Nov. 2020, TRUE
sunlight, Sunlight, original_art fanart sketches stickers character_design Pokemon, Jul 2020, TRUE
shaymin_chibi, Shaymin Chibi, fanart chibi stickers lined Pokemon, Nov 2019, TRUE